travel_time,id,kind,action,origin,destination,start_time,reward,cost_table
0.8833333333333333,8,AV,1,0,0,82,-0.8833333333333333,"0,0"
0.8833333333333333,14,AV,1,0,0,72,-0.8833333333333333,"0,0"
1.0,10,AV,0,0,0,92,-1.0,"0,0"
0.9666666666666667,7,AV,1,0,0,131,-0.9666666666666667,"0,0"
0.5,4,AV,0,0,0,125,-0.5,"0,0"
1.25,2,AV,0,0,0,125,-1.25,"0,0"
1.0,3,AV,0,0,0,143,-1.0,"0,0"
0.7666666666666667,6,AV,0,0,0,159,-0.7666666666666667,"0,0"
0.9,9,AV,1,0,0,130,-0.9,"0,0"
1.0,5,AV,0,0,0,141,-1.0,"0,0"
1.0333333333333334,0,Human,1,0,0,56,-1.0333333333333334,"-0.2217422606191504,-0.4540436765058795"
1.1333333333333333,1,Human,1,0,0,48,-1.1333333333333333,"-0.2217422606191504,-0.4540436765058795"
1.0833333333333333,11,Human,1,0,0,47,-1.0833333333333333,"-0.2217422606191504,-0.4540436765058795"
1.0333333333333334,12,Human,1,0,0,58,-1.0333333333333334,"-0.2217422606191504,-0.4540436765058795"
1.2166666666666666,13,Human,0,0,0,77,-1.2166666666666666,"-0.2217422606191504,-0.4540436765058795"
