origins,destinations,path,free_flow_time
0,0,E0 E1 E2,0.22174226061915048
0,0,E0 E3 E4 E5 E2,0.4540436765058795
