,travel_time,action,kind
0,0.85,0,Human
1,0.8666666666666667,0,Human
2,0.7666666666666667,0,Human
3,0.7666666666666667,0,Human
4,1.2833333333333334,0,AV
5,1.2333333333333334,0,Human
6,0.8666666666666667,1,AV
7,1.0166666666666666,0,AV
8,0.5,0,AV
9,1.2333333333333334,0,AV
10,0.8666666666666667,1,AV
11,0.95,1,AV
12,0.9833333333333332,0,AV
13,0.9833333333333332,0,AV
14,0.75,0,AV
